student_id,name,email,department,year,attendance_pct,cgpa,backlogs,internal_marks_avg,logins_per_week,assignments_submitted_pct,time_spent_hours,quiz_avg,clubs_count,events_attended,volunteering_hours,internships,placement_status,company,package_lpa,mock_interview_score,skills
24KE1A0512,Ananya Nair,ananya.nair@campus.edu,CSE,1,86.4,8.61,0,82.2,9.1,96.8,9.8,90.8,3,7,19.4,0,Not Started,,,89.6,Python:Advanced;SQL:Advanced;Git:Advanced;React:Intermediate
24KE1A0513,Varun Rao,varun.rao@campus.edu,CSE,1,76.2,7.15,1,68.7,4.9,72.3,5.3,63.9,1,2,6.8,0,In Process,,,70.4,Java:Intermediate;Communication:Intermediate;Data Structures:Beginner
24KE1A1214,Nandini Sen,nandini.sen@campus.edu,IT,1,81.7,7.92,0,76.9,6.7,84.5,7.9,78.4,2,5,13.8,0,Not Started,,,81.2,Cloud Computing:Intermediate;Python:Intermediate;Excel:Advanced
24KE1A0115,Rohit Joshi,rohit.joshi@campus.edu,CIVIL,1,72.8,6.83,1,64.5,5.1,69.2,4.6,57.8,0,3,7.1,0,Not Started,,,64.3,Communication:Beginner;AutoCAD:Intermediate;Data Structures:Beginner
24KE1A0416,Sneha Iyer,sneha.iyer@campus.edu,ECE,1,88.9,8.17,0,79.8,7.4,92.6,6.7,82.1,2,6,14.5,0,In Process,,,85.1,Embedded Systems:Intermediate;C:Advanced;Machine Learning:Beginner
24KE1A0217,Aditya Menon,aditya.menon@campus.edu,MECH,1,62.1,5.42,3,54.3,2.8,49.6,3.0,42.7,0,2,4.0,0,Not Started,,,55.6,Excel:Beginner;Communication:Intermediate
24KE1A0518,Meera Kulkarni,meera.kulkarni@campus.edu,CSE,2,90.3,9.12,0,91.4,10.2,100,10.9,95.7,4,9,26.3,2,Placed,Amazon,18.5,97.0,Python:Advanced;SQL:Advanced;React:Advanced;Machine Learning:Advanced;Git:Advanced
24KE1A0319,Arjun Sethi,arjun.sethi@campus.edu,MECH,2,75.6,7.28,0,69.9,5.6,79.1,8.3,73.5,1,4,9.7,0,Not Started,,,72.9,CAD:Intermediate;Communication:Intermediate;Excel:Advanced
24KE1A1220,Shreya Das,shreya.das@campus.edu,IT,2,83.9,8.24,0,77.1,8.6,92.5,8.2,80.6,2,6,17.3,1,Placed,TCS,7.8,86.6,Cloud Computing:Advanced;SQL:Intermediate;Python:Advanced;Git:Intermediate
24KE1A0521,Manoj Reddy,manoj.reddy@campus.edu,CSE,2,69.5,6.34,2,62.2,4.4,67.8,4.8,58.6,1,3,8.5,0,In Process,,,64.1,Java:Intermediate;Data Structures:Intermediate;React:Beginner
24KE1A0422,Divya Nambiar,divya.nambiar@campus.edu,ECE,2,91.1,8.94,0,89.5,9.3,98.8,9.4,91.7,3,8,21.2,1,Placed,Microsoft,16.7,94.2,Python:Advanced;Machine Learning:Intermediate;Communication:Advanced;Excel:Advanced
24KE1A0123,Tejas Singh,tejas.singh@campus.edu,CIVIL,2,66.4,5.96,2,57.4,3.7,58.1,3.2,51.3,0,1,6.6,0,Not Started,,,59.2,Surveying:Intermediate;AutoCAD:Beginner;Communication:Intermediate
24KE1A0524,Keerthi Iyer,keerthi.iyer@campus.edu,CSE,3,80.9,7.71,0,76.1,8.4,88.1,8.7,79.4,2,7,18.1,1,Placed,Wipro,9.2,84.8,SQL:Advanced;Java:Intermediate;React:Advanced;Git:Advanced
24KE1A0325,Vikas Kumar,vikas.kumar@campus.edu,MECH,3,71.3,6.57,2,61.8,4.5,66.9,5.5,59.9,1,2,9.4,0,In Process,,,68.1,CAD:Advanced;Communication:Intermediate
24KE1A1226,Swathi Pillai,swathi.pillai@campus.edu,IT,3,88.6,8.82,0,84.1,10.1,100,10.5,92.4,4,9,24.8,2,Placed,Capgemini,10.9,92.8,Python:Advanced;Cloud Computing:Intermediate;SQL:Advanced;Data Structures:Advanced
24KE1A0427,Rahul Mishra,rahul.mishra@campus.edu,ECE,3,61.8,5.89,3,52.1,3.4,51.0,2.9,46.5,1,2,5.2,0,Not Started,,,57.8,Embedded Systems:Beginner;C:Intermediate
24KE1A0528,Nisha Gupta,nisha.gupta@campus.edu,CSE,4,92.5,9.58,0,93.8,10.5,100,10.8,98.1,5,10,30.6,3,Placed,Google,25.0,99.6,Python:Advanced;SQL:Advanced;React:Advanced;Machine Learning:Advanced;Cloud Computing:Advanced
24KE1A0329,Santhosh Verma,santhosh.verma@campus.edu,MECH,4,73.9,6.91,1,67.5,5.8,74.6,6.1,70.8,1,5,12.6,1,Placed,Siemens,8.9,76.9,CAD:Advanced;Communication:Intermediate;Excel:Advanced
24KE1A0130,Neha Bhatia,neha.bhatia@campus.edu,CIVIL,4,84.2,8.05,0,78.6,7.8,88.9,9.0,85.3,2,6,16.4,1,Placed,Infosys,9.4,87.5,AutoCAD:Advanced;Communication:Advanced;Data Structures:Intermediate
